{
  "original": {
    "episode_rewards": [
      86608.95218658447, 126664.3069190979, 127583.23931121826,
      126859.01794433594, 128472.41886520386, 130605.62228012085,
      125032.48735427856, 93334.62536621094, 123658.26750183105,
      95763.84711074829
    ],
    "episode_lengths": [
      1000, 1000, 1000, 1000, 1000, 1000, 1000, 1000, 1000, 1000
    ],
    "mean_reward": 116458.27848396302,
    "std_reward": 16309.17551602031,
    "mean_length": 1000.0,
    "std_length": 0.0
  },
  "noisy": {
    "episode_rewards": [
      126924.66608428955, 66337.98671340942, 86268.99047470093,
      105769.9529876709, 129201.63510513306, 72971.02467346191,
      122821.8445968628, 125818.3491821289, 128655.80396270752,
      127842.30129623413
    ],
    "episode_lengths": [
      1000, 1000, 1000, 1000, 1000, 1000, 1000, 1000, 1000, 1000
    ],
    "mean_reward": 109261.25550765991,
    "std_reward": 23641.630261190337,
    "mean_length": 1000.0,
    "std_length": 0.0
  }
}
