{
  "original": {
    "episode_rewards": [
      95480.52721786499, 97799.60173797607, 106900.59883117676,
      113873.31533813477, 83796.11096954346, 83998.62759399414,
      77275.34463119507, 116255.08975219727, 97350.8655128479, 86506.21344947815
    ],
    "episode_lengths": [
      1000, 1000, 1000, 1000, 1000, 1000, 1000, 1000, 1000, 1000
    ],
    "mean_reward": 95923.62950344085,
    "std_reward": 12599.740462644475,
    "mean_length": 1000.0,
    "std_length": 0.0
  },
  "noisy": {
    "episode_rewards": [
      84909.41493988037, 84342.10412216187, 90387.73590660095,
      75132.71837997437, 83601.24238204956, 76637.19954299927, 74919.9651260376,
      98506.15500640869, 100261.43320846558, 121620.8671875
    ],
    "episode_lengths": [
      1000, 1000, 1000, 1000, 1000, 1000, 1000, 1000, 1000, 1000
    ],
    "mean_reward": 89031.88358020782,
    "std_reward": 13762.945407795762,
    "mean_length": 1000.0,
    "std_length": 0.0
  }
}
