{
  "original": {
    "episode_rewards": [
      175.67074309289455, 1110.0825734751852, 1766.2719725864008,
      1769.3591883182526, 410.30723673291504, 1318.8772876041912,
      1111.6345947127847, 428.53633301891387, 597.6057563663926,
      1176.5091823454713, 293.45981519669294, 328.57384730223566,
      1366.0486613510875, 118.49984097480774, 1547.3688933206722,
      392.59178291261196, 1697.5738174789585, 706.8883172497153,
      421.2075706794858, 262.1832892028615, 654.5379921644926,
      1678.5916478534928, 302.1785970032215, 681.029275408946, 516.640572976321,
      827.7959484434687, 1284.4438502667472, 1559.6570891666925,
      1607.2383729540743, 742.5879192273424, 1750.7272193087265,
      1569.459079599008, 466.1873341500759, 1690.900129951653,
      1665.176826858893, 538.3196204854175, 1157.1020941933384,
      835.8150732851209, 1135.8090076214285, 1836.9484123587608,
      555.6613212027587, 1129.5190384611487, 1426.3318359560799,
      1221.516934398096, 1491.1804082477465, 523.786682463251,
      1962.643535433337, 555.3947107607964, 1899.2277603819966,
      1873.1078784018755
    ],
    "episode_lengths": [
      103, 658, 1000, 1000, 307, 1000, 1000, 242, 1000, 897, 151, 170, 1000, 73,
      1000, 194, 1000, 446, 263, 145, 364, 992, 155, 347, 276, 1000, 1000, 931,
      1000, 1000, 1000, 1000, 209, 1000, 1000, 337, 1000, 1000, 1000, 1000,
      1000, 707, 917, 1000, 941, 337, 1000, 335, 1000, 1000
    ],
    "mean_reward": 1042.7753374581368,
    "std_reward": 560.1414098926122,
    "mean_length": 709.94,
    "std_length": 357.6932993501556
  },
  "noisy": {
    "episode_rewards": [
      1219.1277152127586, 1088.2961402498186, 1726.8809207277372,
      1011.1702863178216, 887.9029743936844, 1541.0922443862073,
      1629.180582378991, 376.0698371231556, 1549.6082213670015,
      1168.2899428601377, 432.9852263107896, 1194.0192677238956,
      653.7108351946808, 1724.6932571956422, 182.53955576196313,
      653.6436246850935, 254.87984573375434, 429.30599266663194,
      545.1698623485863, 1073.4083807507996, 1731.2308487668633,
      1000.3848141116905, 430.4040371924639, 925.7133349084761,
      192.71733426302671, 1608.5476374421269, 1113.5992443040013,
      634.7816016502911, 136.18514921003953, 53.058265790343285,
      371.70305640250444, 886.8380156718194, 88.02024875581264,
      625.8189424363663, 172.40928489156067, 1448.899963090429,
      150.8656407929957, 486.0826843753457, 1693.7364521864802,
      1647.1614650934935, 948.7492390326224, 945.0004111966409,
      1717.4164166846313, 124.56024979427457, 1557.492546479807,
      1058.5045876922086, 1110.8352787652984, 19.6894306614995,
      1689.847643619869, 1170.3974374581303
    ],
    "episode_lengths": [
      653, 1000, 1000, 1000, 1000, 1000, 1000, 205, 1000, 1000, 357, 935, 1000,
      1000, 121, 1000, 173, 236, 316, 1000, 1000, 1000, 268, 1000, 119, 1000,
      720, 1000, 122, 39, 211, 1000, 68, 631, 104, 1000, 132, 292, 1000, 1000,
      1000, 1000, 1000, 88, 1000, 755, 1000, 19, 1000, 1000
    ],
    "mean_reward": 901.6525195222052,
    "std_reward": 553.4101007661492,
    "mean_length": 691.28,
    "std_length": 388.2411127121907
  }
}
