{
  "original": {
    "episode_rewards": [
      85584.68246459961, 69371.9430732727, 83010.91466903687, 90010.03729629517,
      112568.05610275269, 85043.58379745483, 104795.07451629639,
      74436.43923568726, 88399.86951446533, 79273.67752456665
    ],
    "episode_lengths": [
      1000, 1000, 1000, 1000, 1000, 1000, 1000, 1000, 1000, 1000
    ],
    "mean_reward": 87249.42781944275,
    "std_reward": 12372.626987312553,
    "mean_length": 1000.0,
    "std_length": 0.0
  },
  "noisy": {
    "episode_rewards": [
      93044.35348129272, 87061.48303604126, 108211.24917984009,
      69108.92753982544, 62624.27833557129, 87380.94789505005,
      88734.01342010498, 84922.93021011353, 72885.47184753418, 76407.30089187622
    ],
    "episode_lengths": [
      1000, 1000, 1000, 1000, 1000, 1000, 1000, 1000, 1000, 1000
    ],
    "mean_reward": 82038.09558372498,
    "std_reward": 10971.566711241237,
    "mean_length": 1000.0,
    "std_length": 0.0
  }
}
