{
  "original": {
    "episode_rewards": [
      357.49189376831055, 346.77728939056396, 320.68041372299194,
      419.30615043640137, 307.89946603775024, 368.70109462738037,
      415.845148563385, 400.3333315849304, 611.7798628807068, 467.3594226837158
    ],
    "episode_lengths": [67, 71, 64, 80, 62, 78, 82, 91, 121, 95],
    "mean_reward": 401.61740736961366,
    "std_reward": 83.8922356291139,
    "mean_length": 81.1,
    "std_length": 16.890529891036575
  },
  "noisy": {
    "episode_rewards": [
      312.17269468307495, 387.79999685287476, 460.4087505340576,
      308.74271392822266, 312.05488681793213, 372.9931607246399,
      443.1751308441162, 429.99881172180176, 400.8418560028076,
      286.7963037490845
    ],
    "episode_lengths": [62, 77, 94, 67, 63, 72, 88, 83, 83, 61],
    "mean_reward": 371.49843058586123,
    "std_reward": 59.7994221898358,
    "mean_length": 75.0,
    "std_length": 11.15347479487895
  }
}
