{
  "original": {
    "episode_rewards": [
      419.67849826812744, 455.56915760040283, 397.17031812667847,
      543.0053124427795, 283.92074704170227, 456.63438749313354,
      707.4021410942078, 480.86459159851074, 459.28687477111816,
      463.82770252227783
    ],
    "episode_lengths": [77, 89, 72, 97, 60, 85, 132, 86, 86, 91],
    "mean_reward": 466.7359730958939,
    "std_reward": 102.32434435337676,
    "mean_length": 87.5,
    "std_length": 17.89553016817328
  },
  "noisy": {
    "episode_rewards": [
      471.1950116157532, 283.607439994812, 387.9402904510498, 616.4940390586853,
      339.2355546951294, 474.65953254699707, 438.79181146621704,
      418.6879234313965, 416.1511697769165, 463.25492763519287
    ],
    "episode_lengths": [88, 57, 73, 109, 68, 86, 78, 84, 83, 84],
    "mean_reward": 431.001770067215,
    "std_reward": 84.49995187011748,
    "mean_length": 81.0,
    "std_length": 13.03073290340954
  }
}
