{
  "original": {
    "episode_rewards": [
      1524.2096414119005, 1525.9818745087832, 1544.4605374634266,
      1489.1622922979295, 1493.387513756752, 450.92236015200615,
      1404.6454513967037, 1435.4857138097286, 1519.5216884315014,
      1460.8069362342358, 1425.4475029408932, 1477.354217639193,
      1435.439120426774, 1578.5376610159874, 1141.8680252647027,
      785.8659852147102, 1421.1283728182316, 1510.1749519854784,
      1428.6598057746887, 1509.1068957336247, 1393.2921719253063,
      1464.7469664514065, 1417.710563838482, 964.5903604067862,
      1446.6071305572987, 1476.308110460639, 1476.4786170125008,
      1408.768987506628, 1437.6018954664469, 1468.8978126049042,
      1402.1469913423061, 1452.1453484296799, 1265.227609448135,
      1347.0632768273354, 1386.3932169675827, 1477.5818691849709,
      1470.3360806405544, 749.1971938610077, 1494.5899128317833,
      1495.9803733229637, 33.1605378985405, 1447.048020631075,
      1440.2883869931102, 1416.4736113250256, 1120.972042709589,
      58.92708660662174, 1425.3567699193954, 1506.9570509158075,
      1443.920828282833, 1194.6954462081194
    ],
    "episode_lengths": [
      1000, 1000, 1000, 1000, 1000, 309, 1000, 1000, 1000, 1000, 1000, 1000,
      1000, 1000, 1000, 571, 1000, 1000, 1000, 1000, 1000, 1000, 1000, 1000,
      1000, 1000, 1000, 1000, 922, 1000, 1000, 1000, 1000, 1000, 1000, 1000,
      1000, 514, 1000, 1000, 24, 1000, 1000, 1000, 812, 57, 1000, 1000, 1000,
      1000
    ],
    "mean_reward": 1322.9126163770818,
    "std_reward": 337.52648857425197,
    "mean_length": 924.18,
    "std_length": 223.31759357471142
  },
  "noisy": {
    "episode_rewards": [
      1494.435868382454, 1456.6228264085948, 1407.8742953240871,
      1408.6362048983574, 1464.5614087283611, 1423.0632724165916,
      1366.100403726101, 92.83916720747948, 1456.7985011711717,
      1475.2013473007828, 1390.158380895853, 1252.2029866855592,
      41.43652164936066, 965.5325621068478, 1510.6733678430319,
      1458.2823453694582, 1413.6916826367378, 736.2338972091675,
      1518.0260290205479, 1456.2701556682587, 1495.1063308417797,
      1344.939238190651, 1054.0843326747417, 1520.9237705767155,
      617.758421599865, 1406.545031428337, 1506.4196815788746,
      1465.242647126317, 1441.7773944288492, 1445.1573802232742,
      1315.0243367105722, 1445.6385840550065, 1406.136056676507,
      1306.1571193486452, 392.5251710116863, 56.76930981874466,
      1251.3052215278149, 1445.7454316616058, 1351.576641023159,
      1391.9870338737965, 1431.95727455616, 1329.1640712320805,
      1413.2278525419533, 1291.7784142494202, 1494.7817722260952,
      1086.3904425468063, 1390.9689294695854, 1493.4192993938923,
      1328.2632910981774, 1458.2999839782715
    ],
    "episode_lengths": [
      1000, 1000, 1000, 1000, 1000, 1000, 1000, 74, 1000, 1000, 1000, 1000, 31,
      669, 1000, 1000, 1000, 503, 1000, 1000, 1000, 1000, 752, 1000, 438, 1000,
      1000, 1000, 1000, 1000, 1000, 1000, 1000, 939, 269, 36, 813, 1000, 1000,
      1000, 1000, 1000, 1000, 833, 1000, 1000, 1000, 1000, 1000, 1000
    ],
    "mean_reward": 1263.3542338063637,
    "std_reward": 377.2608154941339,
    "mean_length": 887.14,
    "std_length": 261.6762129044213
  }
}
