{
  "original": {
    "episode_rewards": [
      494.8672017455101, 1525.2884148061275, 1326.2233101645252,
      975.3224852476269, 671.706072717905, 331.35685957223177,
      930.8844835720956, 1772.7890599742532, 1797.3972260896116,
      1503.2498224563897, 815.2660710960627, 1215.036409971537,
      687.114975348115, 1156.4315154328942, 429.331542134285, 675.2248537484556,
      1196.7406674213707, 1667.24634000659, 1275.3784439265728,
      1724.8409714978188
    ],
    "episode_lengths": [
      303, 968, 1000, 1000, 454, 189, 1000, 1000, 1000, 1000, 437, 1000, 424,
      672, 220, 452, 1000, 1000, 1000, 1000
    ],
    "mean_reward": 1108.5848363464988,
    "std_reward": 456.46885591951997,
    "mean_length": 755.95,
    "std_length": 309.55572600099003
  },
  "noisy": {
    "episode_rewards": [
      1660.52124851197, 1234.1304068937898, 448.34356436133385,
      1235.817596476525, 1009.2569443620741, 1170.0662370026112,
      184.92485132813454, 1721.3957095965743, 585.7283406555653,
      1560.8130898550153, 1674.918877221644, 749.4103208333254,
      166.94907374680042, 582.8929969146848, 1033.820913025178,
      1483.3967896439135, 1639.7022146433592, 80.88092294335365,
      356.3843736499548, 1389.9710749983788
    ],
    "episode_lengths": [
      1000, 1000, 274, 1000, 1000, 1000, 112, 1000, 387, 1000, 1000, 484, 110,
      319, 597, 1000, 1000, 65, 243, 1000
    ],
    "mean_reward": 998.4662773332093,
    "std_reward": 547.3705005509217,
    "mean_length": 679.55,
    "std_length": 372.11724966735954
  }
}
