{
  "original": {
    "episode_rewards": [
      452.22470808029175, 605.2995610237122, 433.8426208496094,
      347.8352882862091, 382.5092673301697, 653.8961782455444,
      454.8194260597229, 586.2223935127258, 641.2101521492004, 677.4032263755798
    ],
    "episode_lengths": [82, 120, 86, 78, 71, 120, 89, 108, 119, 125],
    "mean_reward": 523.5262821912766,
    "std_reward": 115.64705702452326,
    "mean_length": 99.8,
    "std_length": 19.53356086329372
  },
  "noisy": {
    "episode_rewards": [
      355.99520349502563, 494.8453760147095, 477.5800361633301,
      427.9745273590088, 602.9422373771667, 348.7448091506958,
      487.8182120323181, 610.7289595603943, 518.4701573848724, 529.4817061424255
    ],
    "episode_lengths": [79, 98, 87, 79, 115, 67, 99, 111, 111, 103],
    "mean_reward": 495.4581224679947,
    "std_reward": 84.51891278305101,
    "mean_length": 94.9,
    "std_length": 15.36522046701576
  }
}
