{
  "original": {
    "episode_rewards": [
      718.1767301346845, -321.14658897696063, 1317.2081132746534,
      645.0443973384099, 807.5705725193111, 1206.1572226930875,
      411.6971245550085, 752.2234319183044, 1317.8181612313492,
      1149.630849279507
    ],
    "episode_lengths": [
      1000, 1000, 1000, 1000, 1000, 1000, 1000, 1000, 1000, 1000
    ],
    "mean_reward": 800.4380013967354,
    "std_reward": 475.7770885369224,
    "mean_length": 1000.0,
    "std_length": 0.0
  },
  "noisy": {
    "episode_rewards": [
      253.3015439249575, -418.45849211441237, 749.980960570625,
      1083.1700031459332, -74.90284869237803, 905.0017186445184,
      729.9298283131793, -247.59595491313667, 950.1911272881553,
      -154.70004368465743
    ],
    "episode_lengths": [
      1000, 1000, 1000, 1000, 1000, 1000, 1000, 1000, 1000, 1000
    ],
    "mean_reward": 709.59178424827843,
    "std_reward": 538.0313619045492,
    "mean_length": 1000.0,
    "std_length": 0.0
  }
}
