{
  "original": {
    "episode_rewards": [
      2733.249054402113, 2805.33414728567, 2737.572384029627, 2765.734298285097,
      2835.5357654662803, 2697.8050069995224, 1380.7271198104136,
      2721.1040999144316, 2734.120138093829, 2609.3960983902216
    ],
    "episode_lengths": [
      1000, 1000, 1000, 1000, 1000, 1000, 1000, 1000, 1000, 1000
    ],
    "mean_reward": 2602.0578112677204,
    "std_reward": 411.1789232002569,
    "mean_length": 1000.0,
    "std_length": 0.0
  },
  "noisy": {
    "episode_rewards": [
      1582.0805365601555, 1905.4318733054097, 2773.2970469165593,
      2661.1204673601314, 2786.496059913188, 2668.020056518726,
      2765.099467176944, 2771.718117773242, 2003.4339442990604,
      2668.625346109271
    ],
    "episode_lengths": [
      1000, 1000, 1000, 1000, 1000, 1000, 1000, 1000, 1000, 1000
    ],
    "mean_reward": 2458.532291593269,
    "std_reward": 425.32038757627635,
    "mean_length": 1000.0,
    "std_length": 0.0
  }
}
