{
  "original": {
    "episode_rewards": [
      1500.9465629642473, 1523.9198997839121, 1488.1902003381401,
      1096.285244955332, 1489.7032785974006, 1529.901054817281,
      1511.0568400371121, 1479.0824221246876, 1509.0197546347044,
      1541.9363334458321
    ],
    "episode_lengths": [
      1000, 1000, 1000, 1000, 1000, 1000, 1000, 1000, 1000, 1000
    ],
    "mean_reward": 1467.004159169865,
    "std_reward": 124.98431247089623,
    "mean_length": 1000.0,
    "std_length": 0.0
  },
  "noisy": {
    "episode_rewards": [
      1468.8004812840227, 679.845593825914, 1484.9553241713438,
      1531.689728830941, 1262.9837779339286, 1437.7529472128372,
      1507.415638218954, 1358.946518312674, 1488.272066385951,
      1506.9562626900151
    ],
    "episode_lengths": [
      1000, 1000, 1000, 1000, 1000, 1000, 1000, 1000, 1000, 1000
    ],
    "mean_reward": 1372.7618338866582,
    "std_reward": 243.54673626783028,
    "mean_length": 1000.0,
    "std_length": 0.0
  }
}
